time,travel_time,queue,throughput,speed,spillback,co2_rate_mg
1.0,nan,0.0,0,0.0,0,12168.0
61.0,34.111111111111114,7.616666666666666,9,7.353029994456398,0,6777922.456953622
121.0,50.333333333333336,31.95,24,4.6114895038846155,0,12267440.979385832
181.0,103.36585365853658,34.61666666666667,41,6.209579949011336,4,18480829.792306397
241.0,111.5,39.68333333333333,64,4.262659277447766,0,16890777.155439205
301.0,143.48076923076923,40.9,52,5.485683079916775,2,20010157.4809351
361.0,132.01333333333332,33.63333333333333,75,5.225603101163393,0,18544184.632903308
421.0,130.35714285714286,51.53333333333333,42,4.516836552447846,4,19149573.809716355
481.0,157.50574712643677,28.533333333333335,87,6.27795266101921,0,21100318.23945036
541.0,91.19444444444444,52.833333333333336,36,3.778042980244571,0,18433111.443713453
601.0,163.64197530864197,35.46666666666667,81,6.541000788240713,0,24043323.187960573
661.0,94.375,62.95,56,3.4646452627315036,0,19574276.118569255
721.0,151.5438596491228,55.6,57,5.66435403748725,12,24484168.93414311
781.0,176.26388888888889,51.15,72,3.898000005906657,0,20208456.11401071
841.0,160.87272727272727,55.8,55,5.12581105624182,1,23655779.586853325
901.0,166.1098901098901,42.916666666666664,91,5.024596052881428,0,21600628.204739947
961.0,149.69767441860466,64.06666666666666,43,4.010035147781802,3,21509938.42825798
1021.0,183.2289156626506,39.06666666666667,83,5.704485649004136,0,22636859.173163287
1081.0,107.4047619047619,62.45,42,3.3932207262190954,5,19781507.90935222
1141.0,164.65853658536585,36.31666666666667,82,6.273053761501776,0,24546250.005845666
1201.0,125.3061224489796,61.06666666666667,49,3.2069402098111923,0,19483378.948614724
1261.0,169.9206349206349,48.21666666666667,63,5.695110347629778,3,25155184.778065458
1321.0,176.66666666666666,50.81666666666667,72,3.940041179688484,0,20320189.712438352
1381.0,150.10526315789474,59.45,57,4.934214666657452,5,23610518.266771935
1441.0,181.25925925925927,43.28333333333333,81,4.777659676727336,0,21470201.410958707
1501.0,144.19565217391303,62.45,46,4.202925003553468,3,21909384.290249348
1561.0,194.9418604651163,39.81666666666667,86,5.704595883832993,0,23783862.37106936
1621.0,105.04761904761905,69.55,42,3.4303601652524796,1,20917039.476363942
1681.0,172.75903614457832,43.75,83,5.972169117874053,0,25925305.48177408
1741.0,154.14754098360655,63.88333333333333,61,3.3172090708729436,0,19963115.37202907
1801.0,180.15384615384616,51.36666666666667,65,5.858280937529523,3,25110615.474880617
1861.0,157.27027027027026,51.6,74,3.9803290578423725,0,20277965.972607818
1921.0,149.83018867924528,61.833333333333336,53,5.007460165074982,6,23622042.15630992
1981.0,186.53846153846155,41.983333333333334,91,4.865102893082215,0,21445611.981417596
2041.0,139.88888888888889,61.983333333333334,45,4.238983205973568,3,21546201.266478654
2101.0,184.28235294117647,38.56666666666667,85,5.71961397701577,0,22516781.478962824
2161.0,107.2051282051282,63.95,39,3.44747611093787,3,20019134.217676483
2221.0,173.46835443037975,37.61666666666667,79,6.246280424899719,0,25263623.212307468
2281.0,123.17543859649123,63.03333333333333,57,3.263149401073406,0,19663994.143577985
2341.0,181.96825396825398,49.55,63,5.752039938018952,6,24644451.680995718
2401.0,163.66666666666666,50.4,75,4.091169201522839,0,19754646.431126457
2461.0,169.3653846153846,59.2,52,4.9380144872878615,4,23367853.955391508
2521.0,164.33333333333334,42.75,87,5.044883854898107,0,21657888.63241033
2581.0,151.4,62.61666666666667,45,4.088143001776042,0,21384096.97022104
2641.0,181.35164835164835,32.61666666666667,91,6.069540163891407,0,23739946.206597157
2701.0,100.30952380952381,62.71666666666667,42,3.759748429141812,1,19750541.0318453
2761.0,167.18823529411765,37.61666666666667,85,6.16259083836697,0,24409277.276305918
2821.0,121.65517241379311,59.38333333333333,58,3.5611406323590793,0,19371626.886624556
2881.0,174.86666666666667,49.95,60,5.850497383729333,4,24706785.38534471
2941.0,161.94871794871796,49.61666666666667,78,4.128622176529934,0,20447298.28433402
3001.0,156.6851851851852,61.85,54,5.056477655267409,6,23757983.13223277
3061.0,169.5287356321839,40.06666666666667,87,4.960478989103074,0,21688440.105162986
3121.0,136.14583333333334,61.6,48,4.291927583115686,2,21320811.559367027
3181.0,183.12359550561797,35.18333333333333,89,5.890438301595508,0,22271071.25387143
3241.0,103.07317073170732,58.86666666666667,41,3.5239418004813867,3,18711103.35649581
3301.0,170.51898734177215,33.65,79,6.4638932140371965,0,24803555.528614365
3361.0,119.57142857142857,60.766666666666666,56,3.2273545135121737,0,19032807.482020166
3421.0,171.47619047619048,43.85,63,6.123988237066462,2,24317235.17603988
3481.0,155.6,52.1,75,4.0208071657680176,0,20332345.473257422
3541.0,157.4313725490196,61.266666666666666,51,4.857500453074082,4,23877421.301854145
3601.0,169.63333333333333,42.75,90,5.109860882346392,0,22559855.33555641
3661.0,159.29545454545453,60.416666666666664,44,3.8581068276971426,0,18833447.498585384
3721.0,188.38666666666666,17.633333333333333,75,5.753061118283492,0,16953435.57746421
3781.0,176.07407407407408,29.0,27,3.0948424453821493,0,10515590.977200726
3841.0,224.5,20.3,50,4.8375656664543145,3,11301647.786622638
3901.0,155.09375,9.783333333333333,32,3.4966338689970593,0,7155511.7823807355
3961.0,176.14285714285714,23.716666666666665,14,4.627719359618954,0,9872910.922067124
4021.0,190.25531914893617,5.05,47,3.586420940798597,0,6714779.953363595
4081.0,125.75,15.35,4,4.248656443265318,0,7060998.046602634
4141.0,151.78,4.8,50,4.256778253211844,0,7958998.828494478
4201.0,34.0,13.433333333333334,3,3.6846413530530353,0,6562659.801145227
4261.0,174.575,10.65,40,4.4966562943609265,0,9070623.32094321
4321.0,87.11764705882354,9.116666666666667,17,2.812218767742868,0,5579512.920556872
4381.0,157.89285714285714,14.55,28,5.043451645576527,0,9679792.441755515
4441.0,123.45161290322581,8.066666666666666,31,3.26253671202135,0,6498451.498815137
4501.0,141.27272727272728,22.516666666666666,11,4.4043376479414045,0,9462969.205803584
4561.0,156.02083333333334,7.666666666666667,48,3.905603739921867,0,7634686.466249513
4621.0,132.83333333333334,22.85,6,3.595580394430074,0,7517973.448098664
4681.0,168.25531914893617,7.2,47,4.133670267501611,0,8572047.309938729
4741.0,72.0,16.633333333333333,5,3.325471299932619,0,6814329.474458659
4801.0,176.4,12.016666666666667,40,4.336345704763611,0,9436970.913638607
4861.0,107.82352941176471,14.116666666666667,17,2.811435020112608,0,6173437.226807638
4921.0,144.8846153846154,19.166666666666668,26,4.640647699931198,0,9651059.932447428
4981.0,162.84375,9.933333333333334,32,3.059119363152373,0,6125452.413026813
5041.0,143.33333333333334,20.95,9,4.282708375535402,0,7032793.779626706
5101.0,175.71794871794873,1.0166666666666666,39,4.495935955687131,0,4203323.222035507
5161.0,nan,3.6,0,3.211315701853913,0,2477280.4443548643
5221.0,248.41666666666666,0.1,12,1.9971311852223672,0,2413872.605116808
5281.0,nan,0.5666666666666667,0,3.1620686923588477,0,2153063.6664334103
5341.0,255.45454545454547,2.1333333333333333,11,2.101942430678401,0,2509039.1148711676
5401.0,nan,0.0,0,1.2915932015350253,0,1909928.4867093244
5461.0,263.4,2.5833333333333335,10,3.5538675238856894,0,2721013.6905100867
5521.0,185.0,0.0,1,0.0784205543717087,0,1684267.9822153114
5581.0,nan,2.4166666666666665,0,4.070354079254998,0,2806989.4085502014
5641.0,255.36363636363637,0.0,11,0.705137683424093,0,1762731.7812743366
5701.0,nan,2.45,0,3.369767835492334,0,2255493.5349041643
5761.0,253.45454545454547,0.06666666666666667,11,2.391835418791049,0,1824763.1595069424
5821.0,nan,0.7166666666666667,0,3.509888039988172,0,1542408.923275824
5881.0,261.5,1.9166666666666667,10,4.723492171120178,0,1136104.16511155
5941.0,nan,0.0,0,3.588490813501086,0,374269.776438869
